Country,2000,2001,2002,2003,2004,2005,2006,2007,2008,2009,2010,2011,2012,2013,2014,2015,2016,2017,2018,2019
Afghanistan *,7.7,7.9,7.9,7.7,7.8,7.6,7.6,7.4,7.2,6.8,6.7,6.4,6.2,6.2,6.0,6.0,6.0,6.0,5.9,6.0
Albania,5.2,4.7,4.8,4.9,4.9,7.7,7.8,8.1,8.1,8.0,7.6,7.6,4.8,4.8,4.5,4.2,4.2,4.1,3.9,3.7
Algeria,4.7,4.6,4.4,4.1,4.0,3.8,3.7,3.5,3.3,3.2,3.0,2.9,2.9,2.9,2.8,2.7,2.6,2.5,2.6,2.6
Angola,17.6,17.5,17.2,17.5,17.2,16.3,17.1,15.0,15.3,13.6,14.2,13.5,14.2,14.2,13.1,13.3,12.9,12.4,12.4,12.6
Antigua and Barbuda,2.0,1.9,1.3,1.4,2.0,1.3,0.4,0.3,0.2,0.0,0.1,0.2,0.0,0.0,0.4,0.4,0.5,0.0,0.3,0.3
Argentina,9.2,10.3,10.3,9.7,8.7,8.5,8.5,8.2,8.6,8.4,8.4,8.4,9.0,8.5,9.2,8.1,8.1,8.7,9.0,8.1
Armenia,3.3,3.1,3.1,2.5,3.6,3.8,5.4,5.0,4.2,4.1,5.9,5.7,6.4,5.3,4.6,4.7,4.4,2.4,1.7,2.7
Australia *,11.8,11.2,10.4,9.6,9.2,10.1,9.5,9.8,10.4,10.0,10.4,10.1,10.5,10.2,11.3,11.8,10.9,11.8,11.3,11.3
Austria,15.8,14.7,15.1,14.2,13.6,13.3,12.5,12.2,11.7,11.9,12.2,12.3,11.8,11.5,12.0,11.4,11.1,10.8,11.2,10.4
Azerbaijan,3.4,3.7,3.9,4.0,4.5,4.7,4.9,5.0,4.8,4.6,4.5,4.4,4.3,4.2,4.1,4.0,3.9,3.9,3.9,4.0
Bahamas,2.5,2.7,2.4,2.5,3.3,3.2,3.6,3.3,3.4,3.4,3.7,3.8,3.6,3.2,3.3,3.4,3.5,3.3,3.4,3.4
Bahrain,7.0,8.9,9.2,9.9,9.8,9.6,7.8,8.7,8.3,7.7,7.2,6.9,6.4,6.2,6.4,6.3,6.5,6.7,7.0,7.2
Bangladesh *,6.9,6.5,6.1,5.8,5.6,5.6,5.6,5.5,5.3,5.1,4.8,4.3,4.0,3.8,3.7,3.6,3.6,3.7,3.8,3.9
Barbados,2.6,1.5,0.3,0.8,1.0,2.2,1.3,1.3,0.7,1.1,1.2,0.6,0.2,0.1,0.3,0.3,0.3,0.3,0.3,0.3
Belarus *,37.3,38.3,38.7,37.1,36.1,37.2,34.8,30.9,30.6,30.4,29.9,30.2,24.6,22.8,21.6,19.6,19.4,18.5,17.9,16.5
Belgium,18.3,18.4,17.1,17.9,16.7,16.7,16.6,15.1,16.6,16.7,16.5,16.7,16.4,15.4,15.1,14.4,15.0,14.6,14.3,13.9
Belize,10.0,8.2,8.1,8.2,8.8,7.1,7.2,6.7,5.7,7.5,8.2,7.9,7.4,6.8,6.9,6.9,6.7,7.7,7.2,7.7
Benin,14.7,14.8,14.9,14.8,14.8,14.7,14.6,14.3,14.0,14.2,14.1,14.1,13.9,13.8,13.6,13.4,13.3,13.1,13.0,12.7
Bhutan *,6.9,6.8,6.5,6.4,6.1,6.0,5.9,5.7,5.5,5.4,5.2,5.2,5.2,5.2,5.2,5.2,5.1,5.1,5.1,5.1
Bolivia,8.4,8.1,7.9,7.7,7.5,7.4,7.0,7.2,7.0,7.0,7.0,7.1,6.9,6.9,7.0,7.2,7.4,7.2,7.0,6.8
Bosnia and Herzegovina,8.1,8.4,8.5,8.5,8.4,9.0,8.8,9.4,8.7,8.5,8.3,8.4,8.1,8.2,8.2,8.3,8.1,8.1,8.2,8.3
Botswana,46.3,44.7,42.2,40.3,40.9,43.4,40.9,37.4,36.1,32.1,31.2,29.1,29.0,27.8,25.3,24.5,22.9,22.3,22.1,20.2
Brazil,4.5,4.9,4.8,4.7,4.7,5.0,4.9,5.1,5.2,5.2,5.0,5.2,5.3,5.4,5.4,5.6,5.7,6.2,6.5,6.4
Brunei,1.7,1.3,1.5,1.6,1.8,1.9,2.4,2.2,1.8,1.6,1.1,1.7,2.2,1.8,1.7,1.6,2.4,3.3,3.0,2.5
Bulgaria,14.0,13.2,13.0,11.2,10.5,9.6,9.5,8.6,9.2,8.5,8.5,7.9,8.8,7.4,7.1,6.8,6.6,6.7,6.6,6.5
Burkina Faso,16.9,16.4,15.9,15.8,15.8,15.9,15.9,15.9,15.7,15.7,15.8,15.6,16.1,16.1,15.7,15.4,15.2,14.8,14.7,14.4
Burundi,23.4,21.6,20.5,19.4,18.5,17.9,17.5,16.5,15.7,15.2,14.9,14.5,14.1,13.8,13.1,12.8,12.6,12.5,12.3,12.1
Cape Verde,18.2,18.0,18.1,18.1,18.3,18.5,18.2,18.1,18.3,18.4,18.4,18.2,18.0,17.5,16.9,16.7,16.5,16.2,16.0,15.2
Cambodia,6.8,6.8,6.6,6.5,6.6,6.8,6.9,6.9,6.7,6.4,6.3,6.2,6.1,6.0,5.8,5.8,5.8,5.6,5.6,5.5
Cameroon *,19.1,19.4,19.2,19.5,19.4,20.6,20.9,20.4,20.1,20.0,19.5,19.4,19.2,18.7,17.9,17.1,16.6,16.1,15.9,15.9
Canada *,10.7,10.9,10.5,10.9,10.3,10.6,9.6,9.9,9.9,10.2,10.3,9.6,10.1,10.2,10.9,11.2,10.4,11.7,10.5,10.3
Central African Republic,32.5,30.7,30.4,29.1,28.0,27.2,28.1,27.7,27.3,28.5,28.1,27.6,26.6,27.0,27.6,26.3,25.3,25.7,23.6,23.0
Chad,15.7,15.8,15.8,16.0,15.7,15.6,15.6,15.9,15.7,15.8,16.0,15.9,15.6,15.1,14.6,14.0,13.7,13.8,13.6,13.2
Chile,10.5,10.4,9.7,9.7,10.0,9.5,9.7,10.6,11.8,12.1,11.0,11.0,9.9,9.2,9.1,9.2,9.2,8.4,8.0,8.0
China *,14.9,13.3,12.5,13.0,13.4,12.8,11.9,11.1,10.6,10.1,9.6,8.8,8.1,7.7,7.4,7.1,7.0,6.9,6.8,6.7
Colombia,5.3,5.2,4.9,4.8,4.7,4.3,4.3,4.3,4.3,4.2,3.9,3.7,3.8,3.6,3.7,4.0,4.1,4.5,3.9,3.7
Comoros,10.9,10.6,10.2,9.8,9.3,9.1,9.1,8.9,9.0,8.6,9.0,8.5,8.6,8.5,8.9,8.8,8.7,8.6,8.5,8.5
Congo,24.7,21.9,19.8,18.4,18.3,17.4,17.2,16.6,16.0,16.3,15.8,15.3,15.5,14.5,13.5,12.5,12.3,11.9,11.6,11.6
Costa Rica,6.9,5.6,7.3,8.1,8.4,6.7,8.4,5.6,5.5,5.6,6.8,6.7,6.3,6.4,5.4,6.4,7.3,5.8,6.8,7.6
Ivory Coast,24.0,22.9,22.1,21.7,21.2,20.3,20.5,20.3,19.0,19.4,20.0,19.6,19.7,19.5,18.5,17.7,17.0,16.4,15.9,15.7
Croatia,16.3,15.3,14.9,15.1,15.1,15.0,13.7,13.4,13.4,13.2,13.2,11.8,13.1,12.3,12.4,12.2,11.5,10.9,11.1,11.0
Cuba,15.6,13.7,12.9,12.0,12.0,11.1,10.6,9.9,10.4,11.1,11.4,11.1,10.7,10.6,10.2,10.4,9.7,10.5,10.2,10.2
Cyprus,1.9,2.0,2.0,2.1,0.8,2.3,3.2,2.8,5.6,4.0,4.6,3.7,4.9,5.1,4.8,4.2,4.2,3.3,3.6,3.2
Czech Republic,13.4,13.2,12.4,13.7,13.1,12.6,11.5,11.2,11.3,11.8,11.9,12.9,13.1,12.8,11.7,10.5,10.3,11.2,10.8,9.5
North Korea,10.3,9.9,9.8,9.4,9.2,9.0,9.0,8.9,9.2,9.1,9.2,9.2,9.1,9.1,9.1,9.5,9.2,8.7,8.2,8.2
DR Congo,14.5,14.4,14.2,14.4,14.2,14.1,13.9,13.4,13.4,13.6,13.5,13.3,13.0,12.8,12.6,12.3,12.1,12.0,12.4,12.4
Denmark,12.5,12.3,11.2,10.3,11.1,11.1,11.2,9.5,10.0,9.8,8.9,9.7,9.8,9.0,9.1,8.1,8.2,8.3,8.2,7.6
Djibouti,12.1,11.7,12.0,12.1,12.1,12.0,11.7,11.5,11.4,11.5,11.7,11.8,11.9,12.1,12.2,11.9,12.1,12.3,12.2,11.9
Dominican Republic,4.9,4.8,4.9,5.3,5.3,5.6,5.6,5.7,5.6,5.6,5.4,5.5,5.8,6.1,6.6,6.8,6.8,6.0,5.5,5.1
Ecuador,6.8,7.3,8.4,8.9,9.4,10.3,10.4,10.5,10.8,10.8,10.2,10.0,10.3,9.7,8.9,8.9,9.1,9.3,8.1,7.7
Egypt,3.6,3.8,3.7,3.7,3.7,3.6,3.6,3.5,3.5,3.6,3.6,3.7,3.8,3.8,3.7,3.7,3.6,3.4,3.4,3.4
El Salvador,6.7,7.4,5.9,7.2,7.3,8.2,7.0,8.5,7.3,9.0,6.4,8.0,7.0,6.7,6.0,6.8,5.8,6.2,6.1,6.1
Equatorial Guinea,19.4,17.6,15.8,15.3,14.6,14.1,14.4,14.2,13.9,13.9,15.3,16.6,15.5,13.8,14.2,15.3,15.0,13.2,14.1,13.5
Eritrea,23.4,22.5,22.1,20.7,20.9,20.9,21.2,20.8,21.3,20.9,20.5,20.2,19.7,19.2,18.9,18.7,18.3,18.0,17.8,17.3
Estonia,25.0,26.1,25.8,22.3,23.1,19.1,16.8,17.5,16.2,19.2,15.4,14.7,17.2,14.9,16.2,13.4,12.5,15.2,11.6,12.0
Eswatini,40.6,45.1,51.1,55.4,57.9,60.1,64.9,74.1,75.8,75.1,70.5,66.0,66.3,62.0,54.6,49.2,46.2,42.9,40.1,40.5
Ethiopia,18.4,17.5,16.9,16.3,15.8,15.3,14.9,14.5,14.2,13.7,13.1,12.4,11.3,10.4,10.0,10.0,9.8,9.6,9.5,9.5
Fiji,11.7,11.4,11.0,10.5,10.0,10.2,9.9,10.1,10.2,10.2,10.1,10.3,10.5,10.5,10.3,10.0,10.0,9.9,9.7,9.5
Finland *,21.7,21.2,19.2,18.9,18.9,16.9,18.2,17.0,18.1,17.9,16.4,15.7,14.9,15.0,13.7,12.1,13.3,14.4,14.4,13.4
France *,15.8,15.4,15.6,15.7,15.3,14.8,14.4,13.8,14.0,14.1,13.9,13.6,13.4,12.5,11.4,11.5,10.7,10.4,10.0,9.7
Gabon,19.4,18.3,16.9,16.6,15.2,15.7,16.3,16.0,17.3,15.9,15.8,15.8,14.0,13.6,15.4,15.2,14.6,13.8,13.6,13.1
Gambia,11.1,11.3,11.5,11.5,11.6,11.4,11.4,11.2,11.2,10.9,10.6,11.0,10.8,10.7,10.6,10.3,9.9,9.8,9.6,9.6
Georgia,6.6,6.1,7.3,5.7,6.4,5.5,5.3,5.2,6.5,7.4,7.0,7.2,7.7,8.2,8.6,8.8,9.0,8.1,7.9,7.7
Germany,11.2,11.1,11.0,10.8,10.4,9.8,9.3,8.9,9.1,9.1,9.5,9.3,9.0,9.2,9.2,9.0,8.8,8.3,8.5,8.3
Ghana,9.8,10.5,11.0,11.4,11.9,12.2,12.3,12.4,12.9,13.0,13.3,13.1,13.0,12.8,12.4,12.0,11.7,11.3,10.8,10.5
Greece *,2.9,2.5,2.3,2.7,2.5,2.9,2.9,2.5,2.6,2.9,2.7,3.5,3.7,4.0,4.0,3.8,3.4,3.8,3.7,3.6
Grenada,2.1,0.4,3.4,2.6,4.9,3.2,4.9,1.9,2.1,0.5,0.7,1.6,1.6,1.1,0.5,0.6,0.9,0.7,0.3,0.6
Guatemala,13.5,14.1,13.7,13.9,13.9,14.2,13.3,10.4,9.9,9.5,8.7,7.6,7.0,6.7,6.4,6.4,6.2,6.0,6.3,6.2
Guinea,9.7,9.8,10.1,10.2,10.4,10.4,11.1,11.7,11.7,11.9,12.5,12.8,12.9,13.2,13.0,13.0,12.8,12.5,12.2,12.3
Guinea-Bissau,17.5,17.2,16.7,16.3,16.2,15.6,15.5,15.5,15.5,15.6,15.4,15.1,14.7,14.8,14.1,13.1,13.1,13.1,12.9,12.4
Guyana *,35.8,39.9,39.8,38.1,37.3,35.6,35.0,35.1,33.7,36.3,36.4,35.3,37.6,40.7,39.5,39.3,39.6,39.9,40.4,40.9
Haiti,12.7,12.4,12.1,12.0,11.7,12.0,12.1,12.6,12.6,12.8,13.2,12.5,12.2,12.0,12.0,12.0,11.6,11.4,11.4,11.2
Honduras,3.0,3.0,3.0,3.0,3.0,3.0,3.0,2.9,2.8,2.7,2.7,2.6,4.0,3.9,4.1,4.6,2.7,2.7,2.6,2.6
Hungary,26.6,23.8,22.8,21.8,21.6,20.5,19.2,18.9,19.1,19.5,19.2,18.9,18.4,16.1,15.0,14.6,13.3,12.6,12.6,11.8
Iceland,12.7,12.4,11.8,12.0,11.5,10.8,11.3,13.5,13.3,12.9,11.8,10.7,12.5,12.5,14.4,13.2,12.3,11.7,10.1,11.2
India *,19.1,18.7,18.2,17.3,16.8,17.0,17.1,16.7,16.3,15.6,15.6,15.5,15.1,14.4,13.5,12.9,12.6,12.5,12.9,12.9
Indonesia,3.8,3.7,3.6,3.6,3.5,3.3,3.2,3.2,3.1,3.0,2.9,2.9,2.8,2.7,2.6,2.6,2.6,2.6,2.6,2.6
Iran *,8.0,7.7,7.3,6.8,6.5,6.0,5.7,6.0,5.7,5.7,5.8,6.1,6.2,6.1,6.1,6.0,5.9,5.8,5.5,5.1
Iraq,5.3,5.2,5.2,5.2,5.2,5.1,5.2,5.0,4.9,5.1,5.3,5.5,5.6,5.7,5.5,5.4,5.3,5.2,4.9,4.7
Ireland,12.1,12.5,11.5,11.3,11.1,11.0,10.2,10.8,11.4,13.3,11.2,11.8,11.7,10.5,10.5,8.7,9.4,9.3,9.2,8.9
Israel,6.8,6.3,5.8,6.4,6.1,6.6,5.5,5.2,5.1,5.9,6.6,5.5,6.0,5.1,5.0,4.5,5.0,5.0,5.3,5.2
Italy,5.5,5.4,5.4,5.3,5.1,4.8,4.7,4.7,4.9,4.9,4.8,5.1,5.4,5.3,5.0,4.8,4.4,4.8,4.4,4.3
Jamaica,2.1,2.0,2.0,1.9,1.7,1.6,1.6,1.9,2.3,2.4,2.0,2.3,2.1,2.0,2.2,2.2,2.2,2.2,2.2,2.3
Japan *,18.1,17.5,17.9,19.5,18.4,18.8,18.4,19.1,19.0,19.5,18.8,18.4,17.0,16.7,15.8,14.9,13.7,13.5,13.4,12.2
Jordan,3.5,3.4,3.2,3.1,3.0,2.8,2.6,2.4,2.2,2.1,2.0,2.0,2.0,1.9,1.9,1.9,1.9,1.9,1.9,2.0
Kazakhstan *,39.4,39.4,38.3,39.0,39.3,38.6,37.2,37.2,33.8,29.6,29.4,28.3,27.3,26.2,24.2,23.4,22.0,21.2,19.4,18.1
Kenya,15.8,14.7,13.9,13.2,12.2,12.9,12.7,13.0,12.8,12.1,11.9,11.8,11.7,11.6,11.1,10.6,10.5,10.6,11.0,11.0
Kiribati,35.6,35.3,34.5,32.5,32.0,32.5,31.5,32.8,33.4,33.0,32.7,32.9,32.0,32.3,31.6,31.6,31.4,31.5,30.3,30.6
Kuwait,3.1,2.7,2.9,2.7,2.7,2.7,2.7,2.6,2.9,2.7,2.4,2.2,2.3,2.3,2.4,2.4,2.5,2.5,2.6,2.7
Kyrgyzstan,17.6,16.4,16.2,15.2,14.2,14.5,14.4,13.7,13.2,12.8,12.4,12.3,11.9,11.4,11.5,10.9,9.6,9.2,8.9,8.3
Laos,8.7,8.6,8.2,8.0,7.8,7.7,7.6,7.4,7.2,7.0,6.8,6.7,6.4,6.3,6.2,6.2,6.2,6.2,6.2,6.0
Latvia,29.6,27.5,27.1,24.5,22.1,22.1,19.1,17.0,21.7,21.7,18.6,18.2,19.4,16.7,17.2,17.1,17.1,17.1,14.3,16.1
Lebanon,3.0,2.9,2.9,2.9,2.9,2.9,2.7,3.0,3.0,3.0,3.0,3.1,3.0,3.0,2.8,2.9,2.8,3.0,2.5,2.8
Lesotho,42.6,40.4,42.6,45.7,47.1,46.7,55.4,61.3,77.8,84.6,86.9,91.1,102.0,111.4,116.2,114.5,107.1,96.3,93.1,87.5
Liberia,8.8,8.4,8.4,8.3,8.5,8.3,8.5,8.7,8.6,8.6,8.7,8.8,8.7,8.5,8.5,7.7,7.6,7.6,7.4,7.4
Libya,5.3,5.4,5.5,5.3,4.7,4.6,4.5,5.1,5.4,5.7,5.4,5.0,5.6,4.8,6.1,5.5,5.0,5.5,5.7,4.5
Lithuania *,45.8,42.1,42.3,40.2,38.1,36.9,29.7,29.9,32.6,33.1,31.3,31.8,29.2,34.0,29.4,28.9,26.2,23.5,21.1,20.2
Luxembourg,13.4,13.5,13.2,12.9,9.8,10.9,12.8,11.2,10.8,8.9,9.6,9.3,9.0,8.8,10.1,9.6,7.6,7.5,8.0,8.6
Madagascar,10.8,10.6,10.8,11.0,10.9,10.7,10.6,10.4,10.3,10.2,10.2,10.1,9.9,9.8,9.8,9.5,9.5,9.3,9.2,9.2
Malawi,19.2,17.9,16.5,15.7,15.0,14.3,14.8,15.4,15.2,15.9,16.0,14.6,13.7,13.0,12.8,12.6,12.2,11.7,11.0,10.6
Malaysia,6.1,5.8,5.8,5.9,5.8,5.7,5.5,5.3,5.4,5.5,5.3,5.2,5.2,4.9,5.1,5.2,5.4,5.6,5.6,5.8
Maldives,5.3,5.1,4.7,4.6,3.8,3.8,3.8,3.6,3.5,3.3,3.1,2.9,2.9,2.8,2.9,3.0,3.2,3.1,2.9,2.8
Mali,8.8,8.7,8.7,8.6,8.6,8.8,8.7,8.7,8.9,8.9,8.7,8.7,8.7,8.8,8.7,8.5,8.3,8.0,8.0,8.0
Malta,6.0,6.5,4.9,4.5,4.9,4.4,5.8,4.6,5.6,6.1,6.6,5.7,5.1,5.9,6.3,6.6,5.1,4.8,5.3,5.3
Mauritania,6.4,6.3,6.1,5.9,6.0,5.7,5.8,5.7,5.6,5.6,5.5,5.3,5.5,5.4,5.4,5.3,5.4,5.4,5.4,5.5
Mauritius,11.5,9.8,11.0,7.6,8.0,8.7,9.0,10.0,6.4,8.6,7.4,8.6,9.2,7.8,9.9,7.5,7.6,9.6,8.2,8.8
Mexico *,3.9,4.2,4.2,4.3,4.3,4.4,4.3,4.3,4.6,4.8,4.7,5.4,5.0,5.3,5.7,5.6,5.6,5.9,5.4,5.3
Micronesia,28.0,27.3,26.3,26.3,27.1,27.6,27.4,27.0,27.0,27.0,27.0,27.5,27.6,27.4,27.4,28.4,28.2,28.7,29.1,29.0
Mongolia,23.6,23.7,22.9,23.8,23.9,23.9,23.4,23.0,22.9,22.7,22.4,21.9,21.0,20.4,19.6,19.7,19.8,19.1,18.7,18.0
Montenegro,18.9,17.7,17.8,18.3,18.4,18.7,19.2,17.6,17.3,17.2,16.5,17.0,17.1,16.3,16.3,16.3,16.1,16.3,16.4,16.2
Morocco,10.8,10.8,10.4,10.3,10.2,10.1,9.9,9.9,9.8,9.7,9.5,9.5,9.2,8.2,7.9,7.6,7.4,7.3,7.3,7.3
Mozambique *,20.9,20.8,20.8,20.9,21.1,21.4,21.6,21.8,23.1,24.6,25.3,25.9,26.5,26.0,24.7,24.0,23.4,23.1,23.2,23.2
Myanmar,5.1,4.9,4.8,4.7,4.6,4.5,4.4,4.2,3.9,3.9,3.8,3.7,3.5,3.5,3.4,3.3,3.3,3.1,3.0,3.0
Namibia,27.5,26.7,26.3,25.5,23.4,24.7,24.5,23.7,19.7,18.4,18.0,16.1,14.5,14.4,15.3,16.3,14.9,15.2,13.7,13.5
Nepal *,10.9,10.4,10.1,10.0,9.8,10.0,9.7,10.0,10.2,10.5,10.5,10.7,10.6,10.3,9.9,9.8,9.7,9.6,9.7,9.8
Netherlands,8.1,8.0,8.4,8.0,8.1,8.3,8.1,7.1,7.4,7.8,8.1,8.4,8.9,9.5,9.3,9.3,9.3,9.6,9.1,9.3
New Zealand,12.4,13.5,12.2,13.0,12.2,12.5,12.6,11.7,11.9,10.9,12.0,11.0,12.3,11.6,10.6,11.1,11.5,12.1,10.7,10.3
Nicaragua,6.3,6.2,5.9,6.7,6.4,6.1,5.3,5.4,5.6,5.5,5.4,5.9,4.9,5.9,5.0,4.5,4.6,4.7,5.0,4.7
Niger,9.5,9.8,9.7,10.0,9.8,10.1,10.1,10.2,10.1,10.2,10.4,10.4,10.6,10.7,10.7,10.4,10.2,10.2,10.1,10.1
Nigeria *,9.2,9.3,9.2,9.2,9.3,9.2,9.2,9.2,9.1,9.0,8.8,8.7,8.3,8.0,7.6,7.3,7.2,7.1,7.0,6.9
North Macedonia,8.7,11.9,9.0,8.3,9.4,7.7,8.5,8.1,7.9,8.1,5.8,5.9,8.2,8.1,7.4,7.3,7.3,7.2,7.2,7.2
Norway,13.0,13.2,11.0,11.0,11.7,11.4,11.6,10.6,10.6,11.4,10.9,11.8,9.9,10.3,10.1,10.6,11.1,10.4,10.1,9.9
Oman,6.7,6.7,6.3,6.4,6.1,6.2,6.5,6.5,6.3,6.0,6.1,5.5,4.9,4.8,4.7,4.7,4.5,4.5,4.4,4.5
Pakistan *,11.1,11.2,11.3,11.3,11.2,11.0,11.0,10.7,10.5,10.3,10.2,10.0,10.0,10.0,10.0,10.0,10.0,10.0,9.8,9.8
Panama,5.9,6.2,5.9,6.3,6.1,5.3,6.0,5.2,5.6,5.1,4.3,4.0,3.8,3.5,4.2,3.0,3.4,3.2,2.9,2.9
Papua New Guinea,2.8,3.0,3.0,3.1,3.2,3.2,3.2,3.3,3.3,3.2,3.3,3.3,3.5,3.4,3.6,3.7,3.6,3.5,3.5,3.6
Paraguay,3.6,3.5,3.8,3.7,4.6,4.6,4.6,4.2,3.9,4.7,3.8,4.7,4.7,5.1,6.0,5.9,5.6,6.1,6.1,6.2
Peru,3.4,3.2,3.2,3.2,3.1,3.0,2.9,2.8,2.9,3.4,3.6,3.5,3.3,3.2,3.0,2.8,2.7,2.7,2.7,2.7
Philippines,2.3,1.9,2.1,2.3,2.2,2.4,2.5,2.2,2.4,2.8,2.9,3.4,2.9,2.9,2.7,2.7,2.7,2.6,2.6,2.5
Poland,15.3,15.3,15.2,14.9,15.2,15.2,14.5,13.3,14.4,16.1,15.5,15.0,15.3,15.1,14.5,13.2,11.4,11.1,10.4,9.3
Portugal,5.5,6.5,9.3,8.7,7.5,7.9,7.9,8.3,8.6,8.7,8.8,7.9,8.5,8.0,9.2,8.3,7.4,7.9,7.5,7.2
Qatar,7.6,7.6,7.4,6.9,6.6,6.3,6.1,7.2,6.8,6.7,6.4,6.2,5.8,5.3,5.0,4.9,4.8,4.6,4.6,4.7
South Korea *,13.9,14.8,17.8,22.3,23.1,24.0,20.8,23.2,24.4,28.8,28.0,27.9,24.0,23.8,22.4,21.2,20.5,19.3,21.3,21.2
Moldova,16.3,17.7,16.6,17.1,16.6,17.1,17.5,15.3,16.8,17.1,17.6,13.3,14.6,14.4,14.5,13.7,13.4,12.4,11.9,12.2
Romania *,11.3,10.8,12.3,11.6,10.8,10.2,10.6,9.4,9.5,10.0,10.7,9.9,10.3,9.9,9.0,9.1,7.8,7.8,7.7,7.3
Russia *,48.9,47.1,46.1,45.4,43.9,43.6,39.1,36.3,35.4,33.3,33.0,31.1,29.8,29.1,29.4,27.9,26.9,24.4,23.4,21.6
Rwanda,25.6,22.9,20.7,18.4,16.2,15.0,14.3,13.7,12.9,12.1,11.5,10.9,10.6,10.1,10.1,9.9,9.7,9.6,9.5,9.5
Saint Lucia,8.1,8.1,7.4,7.7,7.3,7.4,7.7,7.2,7.9,7.0,7.6,6.9,8.2,7.7,8.2,7.9,6.7,7.1,7.1,6.9
Saint Vincent and the Grenadines,6.5,5.9,7.1,6.4,5.8,9.8,6.2,8.3,4.3,2.7,2.9,5.4,5.3,3.7,1.4,3.3,0.7,0.0,1.0,1.0
Samoa,16.3,16.2,15.8,15.6,15.1,15.3,15.3,15.1,14.9,13.0,14.8,14.8,14.8,14.1,14.9,14.9,15.0,14.8,14.8,14.6
São Tomé and Príncipe,2.2,2.4,2.4,2.0,2.2,2.1,2.2,2.4,2.4,2.3,2.2,2.1,2.2,2.2,2.2,2.2,2.2,2.2,2.2,2.2
Saudi Arabia *,3.8,3.9,3.9,4.0,3.9,4.1,4.3,4.6,4.9,5.2,5.7,6.2,6.4,6.3,6.3,6.0,5.9,5.7,5.6,5.4
Senegal,14.4,13.9,13.7,13.6,13.4,13.3,13.0,12.5,12.7,12.4,12.4,12.1,12.2,12.1,12.0,11.8,11.5,11.4,11.2,11.0
Serbia,18.9,17.8,17.8,17.0,16.7,15.6,15.0,14.4,14.0,14.8,12.4,13.2,13.3,13.0,12.0,11.7,10.6,0.3,7.9,7.9
Seychelles,9.8,9.6,8.8,9.1,9.3,8.4,8.1,7.6,7.7,7.3,7.4,7.5,7.3,7.3,7.5,7.7,7.6,7.9,7.9,7.7
Sierra Leone,10.1,10.5,10.7,11.0,11.0,10.9,11.7,11.7,11.8,11.9,12.2,11.7,11.8,11.3,11.0,10.5,10.8,10.9,11.2,11.3
Singapore *,11.4,10.6,11.3,11.1,10.3,10.0,9.9,9.4,8.8,9.0,8.2,7.9,9.2,8.5,8.2,7.6,7.3,7.3,7.8,9.7
Slovakia,12.6,12.3,12.7,13.0,11.9,11.6,12.2,11.7,10.5,10.5,11.1,10.4,10.2,9.9,10.0,9.8,9.7,9.6,9.4,9.3
Slovenia,25.6,24.6,22.9,23.1,22.3,20.6,21.0,17.0,15.6,16.8,15.6,15.5,15.9,16.2,14.4,14.8,14.3,14.3,12.8,14.0
Solomon Islands,17.4,17.1,17.2,17.6,16.5,16.8,16.8,18.1,18.7,18.7,18.6,18.5,18.4,18.2,18.1,17.9,17.8,17.8,17.7,17.4
Somalia,16.8,16.5,16.6,16.6,16.8,16.6,16.2,15.9,16.0,16.0,15.4,15.3,15.3,15.2,15.2,15.0,14.8,14.9,14.8,14.7
South Africa,26.6,26.9,28.0,28.7,27.9,27.5,26.5,27.4,29.4,29.2,26.9,24.4,24.6,25.1,25.3,25.6,25.3,25.8,24.4,23.5
South Sudan,7.9,7.4,7.3,7.3,7.2,7.1,7.1,7.0,6.9,6.7,6.6,6.6,6.7,6.5,6.2,6.4,6.5,6.4,6.7,6.7
Spain *,6.6,6.1,6.3,6.4,6.4,6.0,5.6,5.4,5.8,5.6,5.1,5.1,5.6,6.2,6.2,5.6,5.5,5.8,5.4,5.3
Sri Lanka *,27.4,22.4,21.5,21.2,22.1,28.6,18.4,20.1,17.5,22.7,21.9,17.8,16.4,15.0,12.7,14.7,14.2,13.7,13.2,12.9
Sudan,5.6,5.4,5.5,5.4,5.3,5.4,5.3,5.2,5.2,5.2,5.2,5.3,5.1,5.1,5.0,4.9,4.8,4.8,4.8,4.8
Suriname,25.0,27.5,27.7,27.4,26.6,27.0,27.3,27.0,26.7,26.5,27.4,26.0,26.8,26.5,25.9,25.9,25.5,25.4,26.2,25.9
Sweden *,12.2,12.8,12.6,11.7,11.9,12.7,12.1,11.9,12.4,13.1,12.0,12.0,12.3,13.0,12.3,13.0,12.2,12.5,12.7,12.4
Switzerland *,15.9,15.0,16.0,13.8,13.6,14.1,13.9,14.0,13.5,12.1,10.5,10.5,10.5,10.7,10.0,10.5,9.8,10.4,9.9,9.8
Syria,2.0,1.9,1.9,1.8,1.8,1.8,1.8,1.8,1.8,1.8,1.8,1.8,1.9,2.0,2.1,2.0,1.8,2.0,2.1,2.1
Tajikistan,5.1,4.8,4.6,4.6,4.6,4.7,4.7,4.8,4.9,4.9,5.0,5.1,5.1,5.0,5.1,5.2,5.4,5.3,5.3,5.3
Thailand,11.6,10.5,10.4,10.2,9.9,8.5,8.3,7.7,7.4,7.3,7.3,7.2,7.0,6.6,6.9,7.2,7.6,7.5,7.9,8.0
East Timor,4.9,4.9,4.6,4.7,4.4,4.3,3.9,3.7,3.4,4.4,4.2,4.3,4.3,4.2,4.2,4.4,4.5,4.4,4.5,4.5
Togo,17.3,17.7,18.1,18.6,18.7,18.8,19.2,19.0,18.9,18.5,18.2,18.1,18.0,17.8,17.4,16.7,16.0,15.4,14.9,14.8
Tonga,5.1,5.1,5.0,5.1,5.0,4.8,4.7,4.8,4.7,5.1,5.3,5.2,5.3,5.3,5.4,5.3,4.8,4.8,4.6,4.4
Trinidad and Tobago,16.2,16.1,14.9,12.9,12.6,12.0,10.7,10.5,12.8,10.4,10.6,9.2,8.9,10.1,9.8,9.5,9.2,9.0,8.5,8.3
Tunisia,3.9,3.9,3.9,3.9,3.8,3.7,3.7,3.6,3.5,3.4,3.4,3.3,3.2,3.2,3.1,3.0,3.0,3.0,3.1,3.2
Turkey,4.2,3.9,3.4,3.3,3.2,3.0,2.8,2.6,2.5,2.5,2.5,2.3,2.2,2.3,2.3,2.3,2.3,2.3,2.3,2.3
Turkmenistan,13.8,14.7,15.2,15.3,15.2,15.8,15.5,13.6,11.7,9.6,8.7,7.8,7.4,7.4,7.1,6.6,6.6,6.2,6.1,6.1
Uganda,21.7,21.1,20.5,20.4,20.5,20.8,20.1,17.7,16.1,15.5,14.6,14.5,13.2,12.4,11.4,11.0,11.1,10.3,10.3,10.4
Ukraine *,33.5,31.2,30.5,29.0,28.4,28.3,25.6,26.4,25.9,21.8,20.2,18.9,19.0,18.7,20.4,17.9,17.6,16.9,18.0,17.7
United Arab Emirates,8.0,7.9,7.4,6.8,6.8,6.8,6.9,6.8,6.7,6.6,6.4,6.3,6.1,5.9,5.6,5.3,5.0,4.8,5.0,5.2
United Kingdom *,7.7,7.5,7.5,7.0,7.2,6.9,6.9,6.7,7.3,7.2,7.0,7.4,7.4,7.7,7.6,7.8,7.6,7.2,7.1,6.9
Tanzania,15.6,14.2,12.8,11.9,10.9,10.3,10.3,10.4,11.0,10.6,9.8,9.3,8.5,8.6,8.3,8.2,8.3,8.2,8.0,8.2
United States *,10.0,10.3,10.6,10.6,10.8,10.7,11.0,11.2,11.4,11.4,11.7,12.0,12.1,12.0,12.4,12.9,13.7,14.4,14.1,14.5
Uruguay,14.5,13.2,17.9,14.2,13.9,13.3,13.8,15.8,13.5,13.4,14.3,15.0,16.1,14.2,15.8,16.7,18.7,18.5,18.8,18.8
Uzbekistan,12.0,11.7,11.3,10.4,9.8,10.2,9.6,9.3,8.9,8.2,8.3,8.6,9.0,8.9,9.0,9.2,9.2,8.9,8.7,8.3
Vanuatu,23.2,22.8,22.8,22.5,21.9,21.4,22.2,22.0,21.7,22.5,22.1,21.8,21.9,21.8,21.1,21.2,21.0,21.1,21.1,21.0
Venezuela,6.4,6.5,6.2,5.6,5.1,4.8,4.3,4.0,3.7,3.4,3.6,3.8,3.4,2.6,2.3,2.4,2.3,2.2,2.2,2.1
Vietnam,7.2,7.1,7.0,7.0,7.0,6.9,7.0,7.2,7.4,7.3,7.3,7.4,7.5,7.5,7.6,7.6,7.6,7.5,7.4,7.2
Yemen,8.5,8.4,8.2,8.1,8.1,8.0,7.8,7.7,7.8,7.6,7.4,7.2,7.2,7.1,7.0,6.8,7.0,6.9,7.1,7.1
Zambia,24.0,22.7,22.3,21.5,22.5,22.1,21.8,19.8,19.0,19.0,19.7,19.8,18.5,17.9,17.7,17.3,16.7,16.7,15.9,14.4
Zimbabwe,20.0,19.5,20.3,20.2,21.5,22.0,22.0,27.2,31.7,35.2,35.0,34.3,33.1,31.4,30.8,30.7,28.7,25.9,23.9,23.6
